{"cameraMode":{"drawMode":0,"name":"Shaded","section":"Shading Mode"},"sceneLighting":true,"audioPlay":false,"sceneViewState":{"m_AlwaysRefresh":false,"showFog":true,"showSkybox":true,"showFlares":true,"showImageEffects":true,"showParticleSystems":true,"showVisualEffectGraphs":true,"m_FxEnabled":true},"in2DMode":false,"pivot":{"x":-2.8360657691955568,"y":-29.415267944335939,"z":15.893089294433594},"rotation":{"x":0.477863609790802,"y":-0.06818466633558274,"z":0.03712528198957443,"w":0.8751115202903748},"size":28.332164764404298,"orthographic":false}